,date,case_by_day,case_by_time,active_by_day,active_by_time,death_by_day,death_by_time,recovered_by_day,recovered_by_time
0,2021-09-18 00:00:00,355473,27417505.0,0.0,0.0,11270.0,879723.0,0.0,386837.0
1,2021-06-20 00:00:00,23428,626859.0,11664.0,368969.0,0.0,3288.0,0.0,241856.0
2,2022-03-01 00:00:00,4108726,127196586.0,0.0,0.0,3270.0,1599551.0,0.0,0.0
3,2021-05-05 00:00:00,1017,124240.0,1431.0,12725.0,0.0,1982.0,0.0,107867.0
4,2022-02-25 00:00:00,3312866,108433672.0,0.0,0.0,3045.0,1585510.0,0.0,0.0
5,2021-07-25 00:00:00,336459,4729123.0,391935.0,3876111.0,0.0,19413.0,0.0,386837.0
6,2021-09-30 00:00:00,337839,32301097.0,0.0,0.0,8171.0,1001142.0,0.0,386837.0
7,2021-09-02 00:00:00,508298,19574677.0,470771.0,9161332.0,13720.0,648445.0,0.0,386837.0
8,2022-03-15 00:00:00,6916302,250212185.0,0.0,0.0,2137.0,1642284.0,0.0,0.0
9,2022-04-28 00:00:00,296167,411762864.0,0.0,0.0,100.0,1680530.0,0.0,0.0
10,2021-09-24 00:00:00,318588,29886974.0,0.0,0.0,9802.0,949688.0,0.0,386837.0
11,2022-01-28 00:00:00,597549,70652001.0,0.0,0.0,3284.0,1509529.0,0.0,0.0
12,2022-03-03 00:00:00,4801439,140655596.0,0.0,0.0,3556.0,1606947.0,0.0,0.0
13,2021-01-09 00:00:00,43,64115.0,43.0,3431.0,0.0,1982.0,208.0,58347.0
14,2022-02-21 00:00:00,1979392,96267470.0,0.0,0.0,3505.0,1572945.0,0.0,0.0
15,2021-12-22 00:00:00,396317,51190402.0,0.0,0.0,4691.0,1368505.0,0.0,0.0
16,2021-08-17 00:00:00,335938,12524961.0,118603.0,6616008.0,18378.0,346376.0,0.0,386837.0
17,2021-10-03 00:00:00,204915,33011990.0,0.0,0.0,5488.0,1024212.0,0.0,386837.0
18,2021-05-20 00:00:00,9962,203859.0,4394.0,85968.0,88.0,2160.0,74.0,112942.0
19,2021-04-05 00:00:00,288,110090.0,226.0,5471.0,0.0,1982.0,1396.0,101914.0
20,2022-04-16 00:00:00,750965,403420624.0,0.0,0.0,223.0,1678445.0,0.0,0.0
21,2021-03-04 00:00:00,258,105572.0,172.0,21655.0,0.0,1982.0,809.0,81583.0
22,2021-07-28 00:00:00,316379,5866367.0,38589.0,4545787.0,5853.0,33637.0,0.0,386837.0
23,2021-01-04 00:00:00,136,63571.0,136.0,3666.0,0.0,1982.0,0.0,57531.0
24,2022-03-07 00:00:00,5903205,169645130.0,0.0,0.0,2871.0,1619831.0,0.0,0.0
25,2021-03-11 00:00:00,103,106997.0,63.0,17261.0,0.0,1982.0,1784.0,86997.0
26,2021-12-06 00:00:00,295630,45299547.0,0.0,0.0,6942.0,1275474.0,0.0,0.0
27,2022-01-08 00:00:00,519152,58929719.0,0.0,0.0,4129.0,1446167.0,0.0,0.0
28,2022-01-12 00:00:00,529405,61427856.0,0.0,0.0,3835.0,1461655.0,0.0,0.0
29,2022-02-04 00:00:00,490593,74543406.0,0.0,0.0,2050.0,1528243.0,0.0,0.0
30,2021-08-11 00:00:00,307954,10467420.0,276891.0,6370454.0,17398.0,239913.0,0.0,386837.0
31,2021-11-12 00:00:00,210962,38975172.0,0.0,0.0,3217.0,1165225.0,0.0,0.0
32,2021-05-19 00:00:00,3034,193897.0,7351.0,81574.0,0.0,2072.0,0.0,112868.0
33,2021-10-18 00:00:00,97983,34932028.0,0.0,0.0,3590.0,1099911.0,0.0,386837.0
34,2021-03-14 00:00:00,62,107572.0,62.0,16137.0,0.0,1982.0,0.0,88655.0
35,2022-02-02 00:00:00,364290,73730047.0,0.0,0.0,0.0,1518459.0,0.0,0.0
36,2021-10-23 00:00:00,91640,35478599.0,0.0,0.0,3134.0,1114985.0,0.0,386837.0
37,2022-03-16 00:00:00,6968532,259169856.0,0.0,0.0,1806.0,1644090.0,0.0,0.0
38,2022-01-22 00:00:00,579274,67065338.0,0.0,0.0,3105.0,1491105.0,0.0,0.0
39,2021-07-15 00:00:00,43900,1519318.0,332121.0,1623596.0,4539.0,10683.0,3272.0,383597.0
40,2021-02-14 00:00:00,1421,94795.0,1421.0,27790.0,0.0,1982.0,129.0,64749.0
41,2022-03-31 00:00:00,3191940,370038175.0,0.0,0.0,936.0,1667982.0,0.0,0.0
42,2021-06-08 00:00:00,0,407778.0,7963.0,250121.0,0.0,2914.0,0.0,154495.0
43,2021-01-23 00:00:00,0,65597.0,124.0,3345.0,0.0,1982.0,0.0,60033.0
44,2021-09-29 00:00:00,363756,31964344.0,0.0,0.0,7857.0,992971.0,0.0,386837.0
45,2021-08-22 00:00:00,406127,14445424.0,315827.0,7046376.0,39473.0,443481.0,0.0,386837.0
46,2022-03-21 00:00:00,5201385,310805361.0,0.0,0.0,1809.0,1654436.0,0.0,0.0
47,2021-08-03 00:00:00,338591,7899653.0,161028.0,5436482.0,21312.0,113015.0,0.0,386837.0
48,2021-05-21 00:00:00,5726,209585.0,5536.0,90200.0,104.0,2264.0,0.0,112942.0
49,2021-12-25 00:00:00,399547,52351343.0,0.0,0.0,4968.0,1384084.0,0.0,0.0
50,2021-05-10 00:00:00,5907,143889.0,1798.0,29371.0,0.0,1982.0,761.0,110491.0
51,2021-11-09 00:00:00,195057,39254429.0,0.0,0.0,3068.0,1155762.0,0.0,386837.0
52,2021-03-18 00:00:00,105,108077.0,105.0,12366.0,0.0,1982.0,0.0,93096.0
53,2022-03-11 00:00:00,6571050,204411200.0,0.0,0.0,2487.0,1631984.0,0.0,0.0
54,2022-04-27 00:00:00,336980,411408973.0,0.0,0.0,24.0,1680466.0,0.0,0.0
55,2021-11-23 00:00:00,245303,42316395.0,0.0,0.0,5257.0,1204537.0,0.0,0.0
56,2022-03-06 00:00:00,5843914,163687477.0,0.0,0.0,3083.0,1616960.0,0.0,0.0
57,2021-08-16 00:00:00,308074,12189023.0,241839.0,6498620.0,20579.0,327998.0,0.0,386837.0
58,2022-03-18 00:00:00,6347344,281468782.0,0.0,0.0,1879.0,1648456.0,0.0,0.0
59,2021-11-14 00:00:00,182237,39353917.0,0.0,0.0,2011.0,1170289.0,0.0,0.0
60,2022-03-19 00:00:00,5882018,299202967.0,0.0,0.0,2494.0,1650950.0,0.0,0.0
61,2021-09-19 00:00:00,421036,27838541.0,0.0,0.0,12218.0,891941.0,0.0,386837.0
62,2021-01-19 00:00:00,60,65222.0,60.0,3189.0,0.0,1982.0,0.0,59740.0
63,2021-07-10 00:00:00,84042,1104894.0,57563.0,811769.0,14.0,5251.0,0.0,357435.0
64,2021-02-15 00:00:00,1767,96562.0,690.0,28154.0,0.0,1982.0,706.0,65455.0
65,2021-12-20 00:00:00,332015,50421173.0,0.0,0.0,5466.0,1357972.0,0.0,0.0
66,2021-01-21 00:00:00,50,65520.0,0.0,3144.0,0.0,1982.0,188.0,60033.0
67,2021-06-19 00:00:00,10463,626859.0,10462.0,357810.0,90.0,3288.0,14502.0,241856.0
68,2021-11-20 00:00:00,211996,40707981.0,0.0,0.0,3497.0,1190401.0,0.0,0.0
69,2022-02-22 00:00:00,2367558,98630233.0,0.0,0.0,2357.0,1575302.0,0.0,0.0
70,2021-11-18 00:00:00,254407,40273427.0,0.0,0.0,3914.0,1182833.0,0.0,0.0
71,2021-03-01 00:00:00,427,104566.0,50.0,21523.0,0.0,1982.0,731.0,80685.0
72,2022-02-15 00:00:00,1321716,85076533.0,0.0,0.0,2689.0,1556429.0,0.0,0.0
73,2021-07-14 00:00:00,60547,1475418.0,144460.0,1321475.0,893.0,6144.0,10203.0,380325.0
74,2021-07-07 00:00:00,77454,1020947.0,17538.0,591795.0,16.0,4837.0,0.0,357435.0
75,2022-01-25 00:00:00,607650,68819180.0,0.0,0.0,3060.0,1499457.0,0.0,0.0
76,2022-04-20 00:00:00,533604,406754788.0,0.0,0.0,161.0,1679349.0,0.0,0.0
77,2022-02-06 00:00:00,577819,75615736.0,0.0,0.0,1680.0,1533563.0,0.0,0.0
78,2022-03-29 00:00:00,3464097,362993911.0,0.0,0.0,1336.0,1666222.0,0.0,0.0
79,2021-07-06 00:00:00,255,943493.0,51910.0,583285.0,265.0,4821.0,0.0,357435.0
80,2021-01-16 00:00:00,36,65058.0,36.0,3903.0,0.0,1982.0,0.0,58952.0
81,2021-04-04 00:00:00,174,109802.0,36.0,6536.0,0.0,1982.0,0.0,100518.0
82,2021-08-26 00:00:00,392748,16096241.0,367119.0,7850827.0,16343.0,518935.0,0.0,386837.0
83,2021-03-23 00:00:00,44,108283.0,0.0,10896.0,0.0,1982.0,550.0,94858.0
84,2022-01-14 00:00:00,536827,62514637.0,0.0,0.0,2977.0,1467839.0,0.0,0.0
85,2021-10-14 00:00:00,99027,34538271.0,0.0,0.0,4120.0,1085140.0,0.0,386837.0
86,2022-04-30 00:00:00,217780,412228806.0,0.0,0.0,44.0,1680627.0,0.0,0.0
87,2021-11-27 00:00:00,299595,42424859.0,0.0,0.0,4936.0,1223156.0,0.0,0.0
88,2021-05-24 00:00:00,8531,230548.0,9749.0,109386.0,90.0,2398.0,3094.0,117176.0
89,2021-05-29 00:00:00,21538,297766.0,10481.0,169108.0,0.0,2532.0,0.0,121564.0
90,2021-08-15 00:00:00,375424,11880949.0,94538.0,6257186.0,18342.0,307419.0,0.0,386837.0
91,2022-04-05 00:00:00,2245237,385732779.0,0.0,0.0,1092.0,1672588.0,0.0,0.0
92,2021-10-13 00:00:00,118655,34440334.0,0.0,0.0,5111.0,1081020.0,0.0,386837.0
93,2021-08-09 00:00:00,349169,9833123.0,346642.0,5824514.0,17959.0,201935.0,0.0,386837.0
94,2021-10-24 00:00:00,111788,35589071.0,0.0,0.0,2258.0,1117243.0,0.0,386837.0
95,2021-10-26 00:00:00,99220,36246027.0,0.0,0.0,2267.0,1122408.0,0.0,386837.0
96,2021-11-06 00:00:00,176859,37798169.0,0.0,0.0,2335.0,1147748.0,0.0,386837.0
97,2021-03-30 00:00:00,0,108933.0,0.0,6722.0,0.0,1982.0,2100.0,99567.0
98,2021-08-25 00:00:00,463908,15703631.0,230035.0,7483708.0,17878.0,502592.0,0.0,386837.0
99,2021-02-06 00:00:00,189,83518.0,305.0,19503.0,0.0,1982.0,129.0,61937.0
100,2022-04-04 00:00:00,1940410,383487542.0,0.0,0.0,927.0,1671496.0,0.0,0.0
101,2021-05-23 00:00:00,5949,222017.0,4112.0,99937.0,44.0,2308.0,0.0,114082.0
102,2021-12-18 00:00:00,351446,49713430.0,0.0,0.0,2550.0,1346977.0,0.0,0.0
103,2021-10-19 00:00:00,91989,35022778.0,0.0,0.0,3364.0,1103275.0,0.0,386837.0
104,2022-01-05 00:00:00,514205,57319173.0,0.0,0.0,4460.0,1435312.0,0.0,0.0
105,2021-03-17 00:00:00,201,107972.0,161.0,12307.0,0.0,1982.0,1501.0,93096.0
106,2021-08-23 00:00:00,384370,14829380.0,230240.0,7273580.0,22111.0,465592.0,0.0,386837.0
107,2021-07-29 00:00:00,340788,6207155.0,352765.0,4898552.0,12434.0,46071.0,0.0,386837.0
108,2022-04-06 00:00:00,1938322,388108201.0,0.0,0.0,726.0,1673314.0,0.0,0.0
109,2022-01-26 00:00:00,622783,69445133.0,0.0,0.0,3432.0,1502889.0,0.0,0.0
110,2022-02-01 00:00:00,452976,73364970.0,0.0,0.0,0.0,1518459.0,0.0,0.0
111,2021-04-17 00:00:00,253,115402.0,198.0,7581.0,0.0,1982.0,0.0,104272.0
112,2021-10-11 00:00:00,129802,34227712.0,0.0,0.0,5354.0,1071404.0,0.0,386837.0
113,2021-11-21 00:00:00,229754,40937645.0,0.0,0.0,1044.0,1191445.0,0.0,0.0
114,2021-03-22 00:00:00,88,108239.0,72.0,11316.0,0.0,1982.0,1212.0,94308.0
115,2021-01-18 00:00:00,104,65162.0,60.0,3129.0,0.0,1982.0,788.0,59740.0
116,2022-03-02 00:00:00,4517078,133527402.0,0.0,0.0,3840.0,1603391.0,0.0,0.0
117,2022-02-17 00:00:00,1541369,88087135.0,0.0,0.0,3036.0,1561835.0,0.0,0.0
118,2021-08-31 00:00:00,478413,18616102.0,286541.0,8571323.0,0.0,591053.0,0.0,386837.0
119,2021-06-15 00:00:00,9499,626774.0,14021.0,303616.0,0.0,3091.0,12152.0,241856.0
120,2021-08-30 00:00:00,529891,18137689.0,124128.0,8290543.0,16501.0,591053.0,0.0,386837.0
121,2021-09-10 00:00:00,576113,23867168.0,194508.0,9668679.0,13695.0,778153.0,0.0,386837.0
122,2021-06-05 00:00:00,11781,377162.0,9087.0,229762.0,88.0,2824.0,3210.0,140696.0
123,2021-09-23 00:00:00,393947,29568392.0,0.0,0.0,12023.0,939886.0,0.0,386837.0
124,2022-04-19 00:00:00,567912,406221184.0,0.0,0.0,592.0,1679188.0,0.0,0.0
125,2021-06-01 00:00:00,12513,332182.0,8752.0,198428.0,54.0,2586.0,524.0,128204.0
126,2022-04-15 00:00:00,828982,402440299.0,0.0,0.0,446.0,1678222.0,0.0,0.0
127,2022-03-28 00:00:00,3307885,358553538.0,0.0,0.0,1503.0,1664886.0,0.0,0.0
128,2021-08-29 00:00:00,465507,17607798.0,430498.0,8289543.0,17430.0,574552.0,0.0,386837.0
129,2022-01-20 00:00:00,593571,65900400.0,0.0,0.0,2722.0,1483894.0,0.0,0.0
130,2021-08-08 00:00:00,355764,9484000.0,55917.0,5477872.0,26847.0,183976.0,0.0,386837.0
131,2021-01-28 00:00:00,512,66277.0,4322.0,7205.0,0.0,1982.0,0.0,60663.0
132,2021-12-19 00:00:00,376085,50090015.0,0.0,0.0,5529.0,1352506.0,0.0,0.0
133,2021-06-06 00:00:00,9659,386821.0,5998.0,234084.0,0.0,2824.0,2677.0,143373.0
134,2021-07-01 00:00:00,22256,810278.0,19272.0,483608.0,0.0,4192.0,19562.0,320285.0
135,2021-04-19 00:00:00,289,115851.0,340.0,8000.0,0.0,1982.0,0.0,104272.0
136,2021-12-13 00:00:00,334787,47739412.0,0.0,0.0,6489.0,1319056.0,0.0,0.0
137,2021-01-31 00:00:00,1606,76871.0,1035.0,13172.0,0.0,1982.0,30.0,61514.0
138,2021-03-05 00:00:00,78,105650.0,78.0,21525.0,0.0,1982.0,0.0,81583.0
139,2022-01-18 00:00:00,594291,64762753.0,0.0,0.0,3449.0,1478757.0,0.0,0.0
140,2021-04-27 00:00:00,193,118737.0,193.0,9391.0,0.0,1982.0,0.0,105817.0
141,2022-02-16 00:00:00,1467009,86545513.0,0.0,0.0,2370.0,1558799.0,0.0,0.0
142,2021-11-10 00:00:00,195555,39444521.0,0.0,0.0,3218.0,1158980.0,0.0,386837.0
143,2021-05-15 00:00:00,2245,162367.0,13023.0,56590.0,45.0,2027.0,515.0,112317.0
144,2021-04-13 00:00:00,442,112944.0,318.0,6925.0,0.0,1982.0,0.0,103037.0
145,2021-08-02 00:00:00,326890,7561158.0,280821.0,5275454.0,22574.0,91703.0,0.0,386837.0
146,2022-03-12 00:00:00,6683685,223513495.0,0.0,0.0,2147.0,1634131.0,0.0,0.0
147,2021-03-21 00:00:00,0,107810.0,0.0,0.0,0.0,1982.0,0.0,92968.0
148,2021-10-12 00:00:00,96403,34322990.0,0.0,0.0,4505.0,1075909.0,0.0,386837.0
149,2021-02-10 00:00:00,965,88825.0,1646.0,25129.0,0.0,1982.0,353.0,62497.0
150,2022-02-13 00:00:00,1096423,82526037.0,0.0,0.0,2468.0,1551033.0,0.0,0.0
151,2021-04-01 00:00:00,109,109285.0,109.0,7074.0,0.0,1982.0,0.0,99567.0
152,2021-08-12 00:00:00,349029,10816449.0,205892.0,6582794.0,15616.0,255506.0,0.0,386837.0
153,2021-11-26 00:00:00,298795,43173624.0,0.0,0.0,4267.0,1218220.0,0.0,0.0
154,2021-11-13 00:00:00,200921,39173722.0,0.0,0.0,3053.0,1168278.0,0.0,0.0
155,2021-06-24 00:00:00,13082,652128.0,16880.0,389736.0,92.0,3650.0,3295.0,251312.0
156,2021-10-07 00:00:00,148865,33664969.0,0.0,0.0,6185.0,1049765.0,0.0,386837.0
157,2021-03-31 00:00:00,243,109176.0,243.0,6965.0,0.0,1982.0,0.0,99567.0
158,2021-10-08 00:00:00,182094,33845796.0,0.0,0.0,5543.0,1055262.0,0.0,386837.0
159,2022-01-02 00:00:00,516709,55775718.0,0.0,0.0,5978.0,1423149.0,0.0,0.0
160,2022-04-03 00:00:00,2068646,381547050.0,0.0,0.0,883.0,1670569.0,0.0,0.0
161,2021-08-28 00:00:00,469609,17142291.0,106630.0,7863173.0,18251.0,557122.0,0.0,386837.0
162,2022-02-09 00:00:00,966685,78145593.0,0.0,0.0,2673.0,1541044.0,0.0,0.0
163,2021-12-08 00:00:00,330594,46036983.0,0.0,0.0,6423.0,1287865.0,0.0,0.0
164,2022-02-28 00:00:00,4010196,122154533.0,0.0,0.0,4178.0,1596281.0,0.0,0.0
165,2021-12-03 00:00:00,310148,44473461.0,0.0,0.0,5766.0,1256816.0,0.0,0.0
166,2021-02-01 00:00:00,1410,78235.0,1291.0,14277.0,0.0,1982.0,168.0,61682.0
167,2021-05-03 00:00:00,721,122542.0,569.0,10743.0,0.0,1982.0,529.0,107867.0
168,2021-07-05 00:00:00,77605,943238.0,43101.0,566715.0,106.0,4556.0,10500.0,357435.0
169,2021-06-30 00:00:00,26231,788022.0,28982.0,474293.0,62.0,4192.0,3565.0,300770.0
170,2021-04-15 00:00:00,946,114603.0,972.0,8524.0,0.0,1982.0,0.0,103037.0
171,2021-11-28 00:00:00,289286,42714395.0,0.0,0.0,5578.0,1228734.0,0.0,0.0
172,2022-01-21 00:00:00,582456,66483720.0,0.0,0.0,4106.0,1488000.0,0.0,0.0
173,2022-01-13 00:00:00,548391,61977154.0,0.0,0.0,3974.0,1464862.0,0.0,0.0
174,2021-01-11 00:00:00,62,64213.0,62.0,3529.0,0.0,1982.0,0.0,58347.0
175,2021-01-10 00:00:00,36,64151.0,36.0,3467.0,0.0,1982.0,0.0,58347.0
176,2021-02-22 00:00:00,441,101910.0,441.0,26953.0,0.0,1982.0,0.0,72656.0
177,2021-12-21 00:00:00,372098,50793393.0,0.0,0.0,5842.0,1363814.0,0.0,0.0
178,2021-09-15 00:00:00,425350,26144138.0,0.0,0.0,12165.0,845917.0,0.0,386837.0
179,2021-03-26 00:00:00,268,108699.0,268.0,10340.0,0.0,1982.0,0.0,95683.0
180,2021-09-03 00:00:00,650529,20225160.0,345389.0,9478701.0,16656.0,665101.0,0.0,386837.0
181,2022-02-23 00:00:00,2533134,102208846.0,0.0,0.0,3107.0,1578409.0,0.0,0.0
182,2021-11-08 00:00:00,200743,39064268.0,0.0,0.0,2674.0,1152694.0,0.0,386837.0
183,2021-02-27 00:00:00,258,103555.0,215.0,22676.0,0.0,1982.0,271.0,78597.0
184,2021-05-11 00:00:00,3394,147283.0,5090.0,34461.0,0.0,1982.0,0.0,110491.0
185,2022-01-24 00:00:00,563843,68210283.0,0.0,0.0,2580.0,1496450.0,0.0,0.0
186,2021-06-03 00:00:00,11450,354858.0,9192.0,217133.0,0.0,2648.0,0.0,130216.0
187,2021-12-05 00:00:00,312657,45106995.0,0.0,0.0,5888.0,1268532.0,0.0,0.0
188,2021-10-29 00:00:00,124633,36630838.0,0.0,0.0,2316.0,1129017.0,0.0,386837.0
189,2021-12-31 00:00:00,421622,54876601.0,0.0,0.0,4403.0,1413225.0,0.0,0.0
190,2021-07-26 00:00:00,408121,5137244.0,280774.0,4156723.0,8371.0,27784.0,0.0,386837.0
191,2021-02-13 00:00:00,2393,93374.0,2393.0,26431.0,0.0,1982.0,0.0,64620.0
192,2021-10-16 00:00:00,90512,34734763.0,0.0,0.0,4067.0,1093544.0,0.0,386837.0
193,2021-08-04 00:00:00,288387,8188001.0,233103.0,5668505.0,14053.0,127068.0,0.0,386837.0
194,2022-01-09 00:00:00,520807,59606779.0,0.0,0.0,3305.0,1449472.0,0.0,0.0
195,2022-02-03 00:00:00,336430,74052437.0,0.0,0.0,7734.0,1526193.0,0.0,0.0
196,2021-08-20 00:00:00,353259,13600266.0,27036.0,6489775.0,20744.0,404008.0,0.0,386837.0
197,2022-04-09 00:00:00,1388324,394925312.0,0.0,0.0,537.0,1675455.0,0.0,0.0
198,2022-04-29 00:00:00,257182,412011026.0,0.0,0.0,53.0,1680583.0,0.0,0.0
199,2021-10-22 00:00:00,126241,35388369.0,0.0,0.0,2401.0,1111851.0,0.0,386837.0
200,2022-03-22 00:00:00,5142979,321056155.0,0.0,0.0,2084.0,1656520.0,0.0,0.0
201,2022-03-04 00:00:00,5058924,147914889.0,0.0,0.0,3704.0,1610651.0,0.0,0.0
202,2021-08-18 00:00:00,336007,12860968.0,179914.0,6795687.0,16586.0,362962.0,0.0,386837.0
203,2021-11-02 00:00:00,128085,37144104.0,0.0,0.0,2634.0,1137572.0,0.0,386837.0
204,2021-05-16 00:00:00,13732,176099.0,4328.0,60918.0,0.0,2027.0,0.0,112317.0
205,2021-04-25 00:00:00,362,118154.0,482.0,8942.0,0.0,1982.0,0.0,105817.0
206,2022-04-11 00:00:00,1005631,396880692.0,0.0,0.0,161.0,1675965.0,0.0,0.0
207,2022-02-08 00:00:00,880964,77179502.0,0.0,0.0,2940.0,1539391.0,0.0,0.0
208,2021-07-17 00:00:00,115063,2015318.0,75465.0,1783443.0,0.0,11328.0,0.0,386837.0
209,2022-02-24 00:00:00,2916850,105119568.0,0.0,0.0,4056.0,1582465.0,0.0,0.0
210,2021-07-19 00:00:00,0,2166996.0,309511.0,2406155.0,0.0,12817.0,0.0,386837.0
211,2022-04-26 00:00:00,359381,410982332.0,0.0,0.0,339.0,1680442.0,0.0,0.0
212,2021-05-18 00:00:00,6647,190863.0,7226.0,74602.0,0.0,2072.0,551.0,112868.0
213,2021-01-08 00:00:00,94,64072.0,50.0,3596.0,0.0,1982.0,163.0,58139.0
214,2021-07-30 00:00:00,347301,6554456.0,89387.0,4480350.0,16902.0,62963.0,0.0,386837.0
215,2022-02-18 00:00:00,1798825,89886205.0,0.0,0.0,2720.0,1564555.0,0.0,0.0
216,2022-01-01 00:00:00,381859,55259070.0,0.0,0.0,3946.0,1417171.0,0.0,0.0
217,2021-03-07 00:00:00,120,106338.0,133.0,22002.0,0.0,1982.0,0.0,81583.0
218,2021-07-03 00:00:00,25528,865648.0,46727.0,492393.0,0.0,4361.0,11659.0,338907.0
219,2021-02-04 00:00:00,1896,82610.0,2651.0,18479.0,0.0,1982.0,119.0,61808.0
220,2021-01-26 00:00:00,124,65765.0,0.0,2883.0,0.0,1982.0,240.0,60663.0
221,2021-05-14 00:00:00,4779,160122.0,4778.0,43874.0,0.0,1982.0,0.0,111802.0
222,2022-03-14 00:00:00,6361309,243054709.0,0.0,0.0,2997.0,1640147.0,0.0,0.0
223,2022-03-10 00:00:00,6347989,196906074.0,0.0,0.0,2557.0,1629497.0,0.0,0.0
224,2021-12-15 00:00:00,345517,48426622.0,0.0,0.0,6996.0,1332562.0,0.0,0.0
225,2021-03-28 00:00:00,136,108835.0,136.0,8632.0,0.0,1982.0,0.0,97467.0
226,2021-06-26 00:00:00,42432,714731.0,41034.0,418340.0,0.0,3774.0,8144.0,268339.0
227,2022-03-09 00:00:00,6554677,188282898.0,0.0,0.0,3963.0,1626940.0,0.0,0.0
228,2021-10-28 00:00:00,142129,36509645.0,0.0,0.0,1963.0,1126701.0,0.0,386837.0
229,2021-10-09 00:00:00,148979,33993210.0,0.0,0.0,5163.0,1060425.0,0.0,386837.0
230,2021-09-08 00:00:00,553808,22817587.0,234939.0,9464497.0,20561.0,751071.0,0.0,386837.0
231,2021-02-26 00:00:00,204,103297.0,32.0,22670.0,0.0,1982.0,1508.0,78326.0
232,2021-10-21 00:00:00,117126,35263356.0,0.0,0.0,3067.0,1109450.0,0.0,386837.0
233,2021-01-06 00:00:00,20,63878.0,0.0,3565.0,0.0,1982.0,445.0,57976.0
234,2021-01-13 00:00:00,18,64346.0,64.0,3466.0,0.0,1982.0,288.0,58635.0
235,2021-12-09 00:00:00,343969,46381164.0,0.0,0.0,6743.0,1294608.0,0.0,0.0
236,2021-12-14 00:00:00,340700,48080881.0,0.0,0.0,6510.0,1325566.0,0.0,0.0
237,2021-06-14 00:00:00,13118,626774.0,6299.0,290493.0,0.0,3091.0,10634.0,241856.0
238,2021-05-12 00:00:00,4225,151508.0,2010.0,36333.0,0.0,1982.0,638.0,111129.0
239,2021-01-07 00:00:00,100,63978.0,100.0,3665.0,0.0,1982.0,0.0,57976.0
240,2022-01-07 00:00:00,510327,58408781.0,0.0,0.0,3971.0,1442038.0,0.0,0.0
241,2022-04-23 00:00:00,427147,408141345.0,0.0,0.0,200.0,1679873.0,0.0,0.0
242,2021-07-02 00:00:00,29842,840120.0,27861.0,502086.0,169.0,4361.0,6997.0,327282.0
243,2021-11-19 00:00:00,224195,40496006.0,0.0,0.0,4071.0,1186904.0,0.0,0.0
244,2021-12-26 00:00:00,381194,52733940.0,0.0,0.0,4332.0,1388416.0,0.0,0.0
245,2021-05-01 00:00:00,669,121166.0,316.0,10137.0,0.0,1982.0,1521.0,107338.0
246,2021-01-22 00:00:00,77,65597.0,77.0,3221.0,0.0,1982.0,0.0,60033.0
247,2021-12-12 00:00:00,336645,47398793.0,0.0,0.0,6416.0,1312591.0,0.0,0.0
248,2021-04-09 00:00:00,611,111847.0,611.0,6495.0,0.0,1982.0,0.0,102424.0
249,2021-04-07 00:00:00,456,110780.0,436.0,5430.0,0.0,1982.0,278.0,102424.0
250,2021-06-23 00:00:00,12187,639046.0,31026.0,379957.0,11.0,3558.0,6161.0,248017.0
251,2021-11-05 00:00:00,165797,37627536.0,0.0,0.0,2549.0,1145413.0,0.0,386837.0
252,2021-11-30 00:00:00,305490,43499062.0,0.0,0.0,5595.0,1239138.0,0.0,0.0
253,2021-12-01 00:00:00,328694,43827862.0,0.0,0.0,5694.0,1244832.0,0.0,0.0
254,2021-11-04 00:00:00,162604,37467986.0,0.0,0.0,2248.0,1142864.0,0.0,386837.0
255,2021-12-16 00:00:00,335133,49100140.0,0.0,0.0,6146.0,1338708.0,0.0,0.0
256,2021-02-03 00:00:00,1120,80714.0,0.0,0.0,0.0,1982.0,7.0,61689.0
257,2021-02-12 00:00:00,89,90981.0,89.0,24038.0,0.0,1982.0,62.0,64620.0
258,2021-11-17 00:00:00,234806,40017440.0,0.0,0.0,2236.0,1178919.0,0.0,0.0
259,2021-08-27 00:00:00,576579,16672728.0,109471.0,7858995.0,19936.0,538871.0,0.0,386837.0
260,2022-03-25 00:00:00,4240540,337102674.0,0.0,0.0,1539.0,1660987.0,0.0,0.0
261,2022-04-01 00:00:00,2879865,374822799.0,0.0,0.0,883.0,1668865.0,0.0,0.0
262,2021-06-27 00:00:00,7234,721965.0,16876.0,435112.0,124.0,3898.0,8341.0,276680.0
263,2021-03-15 00:00:00,70,107642.0,26.0,15149.0,0.0,1982.0,1101.0,89756.0
264,2021-11-22 00:00:00,251376,41510876.0,0.0,0.0,7835.0,1199280.0,0.0,0.0
265,2021-11-29 00:00:00,303789,43193754.0,0.0,0.0,4809.0,1233543.0,0.0,0.0
266,2021-03-06 00:00:00,568,106218.0,588.0,21869.0,0.0,1982.0,0.0,81583.0
267,2021-12-28 00:00:00,406891,53544973.0,0.0,0.0,4451.0,1396914.0,0.0,0.0
268,2021-12-29 00:00:00,387963,53933452.0,0.0,0.0,5361.0,1402275.0,0.0,0.0
269,2021-09-20 00:00:00,383586,28222127.0,0.0,0.0,11148.0,903089.0,0.0,386837.0
270,2021-09-27 00:00:00,355187,31009649.0,0.0,0.0,8595.0,976157.0,0.0,386837.0
271,2021-12-04 00:00:00,320668,44794232.0,0.0,0.0,5828.0,1262644.0,0.0,0.0
272,2021-05-06 00:00:00,3012,127252.0,2660.0,15323.0,0.0,1982.0,0.0,107867.0
273,2022-01-06 00:00:00,517872,57904037.0,0.0,0.0,2884.0,1438067.0,0.0,0.0
274,2022-02-20 00:00:00,1994151,94287690.0,0.0,0.0,2367.0,1569440.0,0.0,0.0
275,2022-03-05 00:00:00,5277707,155249696.0,0.0,0.0,3226.0,1613877.0,0.0,0.0
276,2021-06-28 00:00:00,30046,752011.0,15401.0,441861.0,0.0,3898.0,9188.0,285868.0
277,2021-09-21 00:00:00,501209,28723336.0,0.0,0.0,12512.0,915601.0,0.0,386837.0
278,2022-01-19 00:00:00,539866,65304024.0,0.0,0.0,2415.0,1481172.0,0.0,0.0
279,2021-09-07 00:00:00,583135,22263779.0,164582.0,9318346.0,16922.0,730510.0,0.0,386837.0
280,2021-07-11 00:00:00,0,1104894.0,94145.0,899879.0,0.0,5251.0,0.0,357435.0
281,2021-10-04 00:00:00,204441,33215142.0,0.0,0.0,6441.0,1030653.0,0.0,386837.0
282,2021-06-17 00:00:00,17931,626827.0,23351.0,343682.0,0.0,3180.0,2864.0,241856.0
283,2021-08-05 00:00:00,304595,8492504.0,297639.0,5966091.0,16416.0,143484.0,0.0,386837.0
284,2021-02-23 00:00:00,391,102301.0,391.0,27344.0,0.0,1982.0,0.0,72656.0
285,2021-03-10 00:00:00,120,106894.0,120.0,18928.0,0.0,1982.0,0.0,85213.0
286,2021-09-22 00:00:00,451145,29174457.0,0.0,0.0,12262.0,927863.0,0.0,386837.0
287,2021-04-12 00:00:00,555,112502.0,493.0,6607.0,0.0,1982.0,613.0,103037.0
288,2022-01-29 00:00:00,605293,71259895.0,0.0,0.0,3041.0,1512570.0,0.0,0.0
289,2021-11-15 00:00:00,199671,39554741.0,0.0,0.0,3573.0,1173862.0,0.0,0.0
290,2021-11-03 00:00:00,171111,37310634.0,0.0,0.0,3044.0,1140616.0,0.0,386837.0
291,2021-04-21 00:00:00,226,116580.0,480.0,8656.0,0.0,1982.0,0.0,104675.0
292,2021-07-04 00:00:00,16,865664.0,55444.0,535689.0,89.0,4450.0,8076.0,346970.0
293,2021-11-24 00:00:00,284089,42594584.0,0.0,0.0,4758.0,1209295.0,0.0,0.0
294,2021-06-04 00:00:00,10523,365381.0,5610.0,221467.0,88.0,2736.0,7270.0,137486.0
295,2021-09-28 00:00:00,591308,31600720.0,0.0,0.0,8957.0,985114.0,0.0,386837.0
296,2021-12-30 00:00:00,468319,54453917.0,0.0,0.0,6547.0,1408822.0,0.0,0.0
297,2021-09-05 00:00:00,512867,21127270.0,296594.0,9453165.0,14840.0,697646.0,0.0,386837.0
298,2021-12-07 00:00:00,297650,45706257.0,0.0,0.0,5968.0,1281442.0,0.0,0.0
299,2021-11-11 00:00:00,196169,38764372.0,0.0,0.0,3028.0,1162008.0,0.0,0.0
300,2022-02-14 00:00:00,1228093,83754436.0,0.0,0.0,2707.0,1553740.0,0.0,0.0
301,2021-10-15 00:00:00,108820,34646022.0,0.0,0.0,4337.0,1089477.0,0.0,386837.0
302,2021-07-20 00:00:00,700597,2867550.0,201519.0,2607413.0,0.0,12354.0,0.0,386837.0
303,2022-02-19 00:00:00,1790172,92293093.0,0.0,0.0,2518.0,1567073.0,0.0,0.0
304,2021-07-31 00:00:00,344300,6898756.0,213411.0,4700564.0,6180.0,69129.0,0.0,386837.0
305,2021-01-29 00:00:00,4228,70505.0,157.0,6894.0,0.0,1982.0,512.0,61175.0
306,2021-07-21 00:00:00,5061,2872611.0,285756.0,2893054.0,0.0,12354.0,0.0,386837.0
307,2021-05-25 00:00:00,16859,247407.0,21291.0,130617.0,0.0,2398.0,0.0,117176.0
308,2021-09-25 00:00:00,357073,30244041.0,0.0,0.0,8762.0,958450.0,0.0,386837.0
309,2021-01-03 00:00:00,395,63435.0,395.0,3567.0,0.0,1982.0,64.0,57531.0
310,2022-03-27 00:00:00,3704848,347271867.0,0.0,0.0,831.0,1663383.0,0.0,0.0
311,2021-10-06 00:00:00,162745,33517357.0,0.0,0.0,5996.0,1043580.0,0.0,386837.0
312,2022-01-15 00:00:00,550402,63068028.0,0.0,0.0,2801.0,1469488.0,0.0,0.0
313,2022-03-24 00:00:00,4640720,330120249.0,0.0,0.0,1257.0,1659448.0,0.0,0.0
314,2021-01-20 00:00:00,248,65470.0,248.0,3332.0,0.0,1982.0,105.0,59845.0
315,2021-02-20 00:00:00,258,100824.0,258.0,29698.0,0.0,1982.0,0.0,68782.0
316,2021-06-12 00:00:00,6586,626721.0,10088.0,283812.0,0.0,3547.0,4240.0,241840.0
317,2021-07-18 00:00:00,151678,2166996.0,314475.0,2097151.0,1489.0,12817.0,0.0,386837.0
318,2021-07-16 00:00:00,380937,1900255.0,86703.0,1709657.0,645.0,11328.0,3240.0,386837.0
319,2022-04-21 00:00:00,484711,407257590.0,0.0,0.0,124.0,1679473.0,0.0,0.0
320,2021-11-16 00:00:00,217540,39782634.0,0.0,0.0,2821.0,1176683.0,0.0,0.0
321,2021-01-01 00:00:00,169,62765.0,184.0,3258.0,0.0,1982.0,0.0,57170.0
322,2021-04-24 00:00:00,149,117792.0,0.0,8460.0,0.0,1982.0,1142.0,105817.0
323,2021-01-25 00:00:00,44,65641.0,0.0,2999.0,0.0,1982.0,390.0,60423.0
324,2022-01-16 00:00:00,521252,63586257.0,0.0,0.0,2144.0,1471632.0,0.0,0.0
325,2021-03-25 00:00:00,148,108431.0,105.0,10115.0,0.0,1982.0,0.0,95683.0
326,2022-04-10 00:00:00,1172107,396097419.0,0.0,0.0,349.0,1675804.0,0.0,0.0
327,2021-08-14 00:00:00,362957,11505571.0,2471446.0,6166317.0,18881.0,289077.0,0.0,386837.0
328,2021-06-18 00:00:00,21215,626827.0,11358.0,354232.0,18.0,3198.0,3582.0,241856.0
329,2021-12-17 00:00:00,325859,49360631.0,0.0,0.0,5719.0,1344427.0,0.0,0.0
330,2021-01-05 00:00:00,287,63858.0,287.0,3953.0,0.0,1982.0,0.0,57531.0
331,2021-09-01 00:00:00,450415,19066517.0,164670.0,8697132.0,43728.0,634781.0,0.0,386837.0
332,2021-06-21 00:00:00,19695,626859.0,0.0,368969.0,259.0,3547.0,17982.0,241856.0
333,2021-06-09 00:00:00,19158,426936.0,17217.0,266409.0,0.0,2914.0,4198.0,158506.0
334,2021-03-24 00:00:00,0,108283.0,0.0,10071.0,0.0,1982.0,825.0,95683.0
335,2021-03-19 00:00:00,62,108139.0,62.0,12428.0,0.0,1982.0,0.0,93096.0
336,2021-08-10 00:00:00,326435,10159466.0,307793.0,6103014.0,20580.0,222515.0,0.0,386837.0
337,2022-03-23 00:00:00,4955499,326011748.0,0.0,0.0,1671.0,1658191.0,0.0,0.0
338,2021-04-20 00:00:00,503,116354.0,503.0,8176.0,0.0,1982.0,403.0,104675.0
339,2021-10-05 00:00:00,141850,33355635.0,0.0,0.0,6931.0,1037584.0,0.0,386837.0
340,2021-02-19 00:00:00,645,100566.0,0.0,29440.0,0.0,1982.0,946.0,68782.0
341,2022-04-24 00:00:00,372914,408508263.0,0.0,0.0,188.0,1680061.0,0.0,0.0
342,2022-01-17 00:00:00,560143,64165222.0,0.0,0.0,3676.0,1475308.0,0.0,0.0
343,2022-01-31 00:00:00,517803,72911741.0,0.0,0.0,2736.0,1518459.0,0.0,0.0
344,2021-04-30 00:00:00,530,120497.0,276.0,10860.0,0.0,1982.0,0.0,105817.0
345,2021-12-23 00:00:00,388939,51575354.0,0.0,0.0,5670.0,1374175.0,0.0,0.0
346,2021-10-30 00:00:00,129220,36756496.0,0.0,0.0,2326.0,1131343.0,0.0,386837.0
347,2021-03-12 00:00:00,415,107412.0,198.0,15977.0,0.0,1982.0,1658.0,88655.0
348,2021-10-25 00:00:00,560508,36148311.0,0.0,0.0,2898.0,1120141.0,0.0,386837.0
349,2021-11-01 00:00:00,135566,37020676.0,0.0,0.0,1891.0,1134938.0,0.0,386837.0
350,2021-09-13 00:00:00,439877,25254133.0,0.0,0.0,15426.0,820081.0,0.0,386837.0
351,2021-10-01 00:00:00,288332,32588353.0,0.0,0.0,10613.0,1010364.0,0.0,386837.0
352,2021-11-07 00:00:00,175779,38868227.0,0.0,0.0,2272.0,1150020.0,0.0,386837.0
353,2021-07-27 00:00:00,418110,5551025.0,416070.0,4572632.0,0.0,27784.0,0.0,386837.0
354,2021-03-08 00:00:00,382,106720.0,382.0,22384.0,0.0,1982.0,0.0,81583.0
355,2021-03-20 00:00:00,12,108151.0,12.0,12440.0,0.0,1982.0,0.0,93096.0
356,2022-03-26 00:00:00,4049243,343192277.0,0.0,0.0,1565.0,1662552.0,0.0,0.0
357,2021-05-02 00:00:00,655,121821.0,655.0,10792.0,0.0,1982.0,0.0,107338.0
358,2021-03-02 00:00:00,473,105039.0,473.0,21907.0,0.0,1982.0,89.0,80774.0
359,2022-02-11 00:00:00,1097079,80300709.0,0.0,0.0,2701.0,1546015.0,0.0,0.0
360,2021-07-08 00:00:00,0,1020947.0,46354.0,637172.0,416.0,5237.0,0.0,357435.0
361,2021-06-10 00:00:00,10599,437514.0,5840.0,271132.0,0.0,2914.0,3330.0,161750.0
362,2021-12-27 00:00:00,403532,53137634.0,0.0,0.0,4047.0,1392463.0,0.0,0.0
363,2021-04-08 00:00:00,456,111236.0,454.0,5884.0,0.0,1982.0,0.0,102424.0
364,2021-02-02 00:00:00,1359,79594.0,1633.0,15903.0,0.0,1982.0,0.0,61682.0
365,2021-02-16 00:00:00,1811,98373.0,1548.0,29647.0,0.0,1982.0,1135.0,66590.0
366,2021-05-27 00:00:00,10981,272551.0,11099.0,145833.0,45.0,2488.0,32.0,119664.0
367,2021-01-14 00:00:00,372,64718.0,372.0,3838.0,0.0,1982.0,0.0,58635.0
368,2021-03-13 00:00:00,98,107510.0,98.0,16075.0,0.0,1982.0,0.0,88655.0
369,2021-01-30 00:00:00,4708,75265.0,5359.0,12167.0,0.0,1982.0,309.0,61484.0
370,2021-09-04 00:00:00,389289,20614449.0,20747.0,9280686.0,17705.0,682806.0,0.0,386837.0
371,2022-01-27 00:00:00,611174,70053307.0,0.0,0.0,3356.0,1506245.0,0.0,0.0
372,2021-09-17 00:00:00,475058,27062032.0,0.0,0.0,11207.0,868453.0,0.0,386837.0
373,2021-07-22 00:00:00,28,2872639.0,180246.0,3072899.0,0.0,12354.0,0.0,386837.0
374,2022-03-08 00:00:00,6478051,177581931.0,0.0,0.0,3146.0,1622977.0,0.0,0.0
375,2021-01-02 00:00:00,275,63040.0,229.0,3236.0,0.0,1982.0,297.0,57467.0
376,2021-02-08 00:00:00,2639,87000.0,2639.0,22692.0,0.0,1982.0,0.0,62075.0
377,2022-04-12 00:00:00,953750,399048921.0,0.0,0.0,958.0,1676923.0,0.0,0.0
378,2021-05-30 00:00:00,12371,310137.0,12311.0,181299.0,0.0,2532.0,2519.0,124021.0
379,2021-08-24 00:00:00,410481,15239723.0,260559.0,7509494.0,19122.0,484714.0,0.0,386837.0
380,2021-03-03 00:00:00,275,105314.0,275.0,22182.0,0.0,1982.0,0.0,80774.0
381,2021-07-12 00:00:00,199525,1304333.0,145318.0,1045197.0,0.0,5251.0,10191.0,367576.0
382,2022-02-07 00:00:00,682333,76298293.0,0.0,0.0,2888.0,1536451.0,0.0,0.0
383,2021-05-13 00:00:00,3835,155343.0,3595.0,39555.0,0.0,1982.0,673.0,111802.0
384,2021-04-18 00:00:00,109,115511.0,109.0,7690.0,0.0,1982.0,0.0,104272.0
385,2021-06-16 00:00:00,30684,626827.0,18063.0,321631.0,89.0,3180.0,2545.0,241856.0
386,2021-10-20 00:00:00,126158,35147573.0,0.0,0.0,3108.0,1106383.0,0.0,386837.0
387,2022-04-18 00:00:00,559857,404239460.0,0.0,0.0,106.0,1678596.0,0.0,0.0
388,2021-05-22 00:00:00,6483,216068.0,6898.0,96867.0,0.0,2264.0,1140.0,114082.0
389,2021-06-13 00:00:00,15038,626721.0,6333.0,285538.0,45.0,3091.0,7932.0,241840.0
390,2022-04-13 00:00:00,1011700,398767621.0,0.0,0.0,319.0,1677242.0,0.0,0.0
391,2021-05-17 00:00:00,8117,184216.0,7135.0,67438.0,45.0,2072.0,0.0,112317.0
392,2022-04-22 00:00:00,460466,407718056.0,0.0,0.0,200.0,1679673.0,0.0,0.0
393,2021-10-27 00:00:00,126475,36369749.0,0.0,0.0,2330.0,1124738.0,0.0,386837.0
394,2021-04-02 00:00:00,127,109412.0,127.0,6189.0,0.0,1982.0,951.0,100518.0
395,2021-06-11 00:00:00,9249,446763.0,5004.0,273812.0,88.0,3002.0,4464.0,165913.0
396,2022-04-17 00:00:00,627856,403936006.0,0.0,0.0,45.0,1678490.0,0.0,0.0
397,2021-06-22 00:00:00,6586,626188.0,0.0,0.0,0.0,3547.0,4240.0,241360.0
398,2021-02-05 00:00:00,713,83329.0,719.0,19198.0,0.0,1982.0,0.0,61808.0
399,2021-01-15 00:00:00,304,65022.0,242.0,3867.0,0.0,1982.0,317.0,58952.0
400,2021-04-23 00:00:00,620,117643.0,270.0,9542.0,0.0,1982.0,0.0,104675.0
401,2021-01-12 00:00:00,115,64328.0,115.0,3644.0,0.0,1982.0,0.0,58347.0
402,2021-03-09 00:00:00,54,106774.0,11.0,18808.0,0.0,1982.0,3630.0,85213.0
403,2021-09-26 00:00:00,410617,30654658.0,0.0,0.0,9112.0,967562.0,0.0,386837.0
404,2021-04-14 00:00:00,687,113631.0,627.0,7552.0,0.0,1982.0,0.0,103037.0
405,2021-02-17 00:00:00,774,99147.0,774.0,30053.0,0.0,1982.0,368.0,66958.0
406,2022-02-26 00:00:00,3260029,112780645.0,0.0,0.0,3299.0,1588809.0,0.0,0.0
407,2021-02-11 00:00:00,2111,90892.0,136.0,23949.0,0.0,1982.0,2061.0,64558.0
408,2021-01-17 00:00:00,0,64925.0,0.0,0.0,0.0,1982.0,0.0,58840.0
409,2021-09-11 00:00:00,467961,24334697.0,0.0,0.0,12961.0,791114.0,0.0,386837.0
410,2021-08-13 00:00:00,326165,11142614.0,70798.0,3723462.0,14690.0,270196.0,0.0,386837.0
411,2021-10-02 00:00:00,221017,32807970.0,0.0,0.0,8360.0,1018724.0,0.0,386837.0
412,2021-04-22 00:00:00,443,117023.0,616.0,9272.0,0.0,1982.0,0.0,104675.0
413,2021-02-09 00:00:00,860,87860.0,922.0,23607.0,0.0,1982.0,69.0,62144.0
414,2022-04-14 00:00:00,938274,399705895.0,0.0,0.0,632.0,1677776.0,0.0,0.0
415,2022-05-01 00:00:00,0,412228806.0,0.0,0.0,0.0,1680627.0,0.0,0.0
416,2021-09-06 00:00:00,553420,21680690.0,34061.0,9310434.0,15942.0,713588.0,0.0,386837.0
417,2022-04-02 00:00:00,2614992,377437868.0,0.0,0.0,821.0,1669686.0,0.0,0.0
418,2022-01-10 00:00:00,491958,60099877.0,0.0,0.0,4239.0,1453711.0,0.0,0.0
419,2021-10-31 00:00:00,137707,36890410.0,0.0,0.0,1704.0,1133047.0,0.0,386837.0
420,2021-06-07 00:00:00,11856,400814.0,9533.0,243514.0,0.0,2780.0,2426.0,153877.0
421,2021-02-24 00:00:00,473,102774.0,0.0,24222.0,0.0,1982.0,3595.0,76251.0
422,2021-06-25 00:00:00,20196,672299.0,5816.0,382133.0,124.0,3774.0,9003.0,260315.0
423,2022-04-08 00:00:00,1601463,393450458.0,0.0,0.0,1026.0,1674918.0,0.0,0.0
424,2022-01-30 00:00:00,555348,72392773.0,0.0,0.0,3153.0,1515723.0,0.0,0.0
425,2021-04-29 00:00:00,983,119957.0,999.0,10627.0,0.0,1982.0,0.0,105817.0
426,2022-02-12 00:00:00,1128414,81429390.0,0.0,0.0,2550.0,1548565.0,0.0,0.0
427,2021-01-27 00:00:00,0,65632.0,0.0,0.0,0.0,1982.0,0.0,60551.0
428,2022-02-10 00:00:00,1056846,79202687.0,0.0,0.0,2270.0,1543314.0,0.0,0.0
429,2021-07-09 00:00:00,1,1020948.0,117210.0,754246.0,0.0,5237.0,0.0,357435.0
430,2021-09-16 00:00:00,442980,26586974.0,0.0,0.0,11329.0,857246.0,0.0,386837.0
431,2021-03-16 00:00:00,129,107771.0,0.0,13353.0,0.0,1982.0,1839.0,91595.0
432,2021-02-21 00:00:00,645,101469.0,0.0,26512.0,0.0,1982.0,3874.0,72656.0
433,2021-04-10 00:00:00,90,111937.0,90.0,6531.0,0.0,1982.0,0.0,102424.0
434,2021-06-29 00:00:00,9780,761791.0,12834.0,448437.0,232.0,4130.0,11337.0,297205.0
435,2021-04-11 00:00:00,10,111947.0,10.0,6541.0,0.0,1982.0,0.0,102424.0
436,2021-02-25 00:00:00,319,103093.0,233.0,23974.0,0.0,1982.0,567.0,76818.0
437,2021-08-21 00:00:00,439399,14039573.0,256813.0,6740753.0,0.0,404008.0,0.0,386837.0
438,2021-05-31 00:00:00,9532,319669.0,9752.0,190674.0,0.0,2532.0,3659.0,127680.0
439,2021-04-06 00:00:00,234,110324.0,234.0,5252.0,0.0,1982.0,232.0,102146.0
440,2022-01-11 00:00:00,516086,60616494.0,0.0,0.0,4195.0,1457906.0,0.0,0.0
441,2021-02-28 00:00:00,584,104139.0,68.0,21860.0,0.0,1982.0,1400.0,79954.0
442,2021-05-08 00:00:00,4084,133456.0,3649.0,20353.0,0.0,1982.0,1863.0,109730.0
443,2021-09-09 00:00:00,474586,23291055.0,154466.0,9543342.0,14003.0,764458.0,0.0,386837.0
444,2022-02-05 00:00:00,493905,75037639.0,0.0,0.0,3640.0,1531883.0,0.0,0.0
445,2021-06-02 00:00:00,11226,343408.0,10616.0,208563.0,62.0,2648.0,2012.0,130216.0
446,2021-08-06 00:00:00,334149,8826653.0,92837.0,5418906.0,14823.0,158307.0,0.0,386837.0
447,2021-12-10 00:00:00,322839,46705017.0,0.0,0.0,5847.0,1300455.0,0.0,0.0
448,2022-03-20 00:00:00,5450410,305603833.0,0.0,0.0,1677.0,1652627.0,0.0,0.0
449,2021-04-28 00:00:00,237,118974.0,237.0,9628.0,0.0,1982.0,0.0,105817.0
450,2021-12-11 00:00:00,358618,47061595.0,0.0,0.0,5720.0,1306175.0,0.0,0.0
451,2022-03-13 00:00:00,6457043,231927757.0,0.0,0.0,3045.0,1637176.0,0.0,0.0
452,2021-10-17 00:00:00,102565,34835586.0,0.0,0.0,2777.0,1096321.0,0.0,386837.0
453,2021-02-07 00:00:00,843,84361.0,688.0,20053.0,0.0,1982.0,138.0,62075.0
454,2021-03-29 00:00:00,98,108933.0,98.0,8730.0,0.0,1982.0,0.0,97467.0
455,2021-12-24 00:00:00,374851,51950235.0,0.0,0.0,4941.0,1379116.0,0.0,0.0
456,2022-04-07 00:00:00,1855531,390663862.0,0.0,0.0,578.0,1673892.0,0.0,0.0
457,2021-04-26 00:00:00,390,118544.0,256.0,9198.0,0.0,1982.0,0.0,105817.0
458,2021-09-14 00:00:00,466314,25720207.0,0.0,0.0,13671.0,833752.0,0.0,386837.0
459,2022-01-03 00:00:00,511358,56286340.0,0.0,0.0,3524.0,1426673.0,0.0,0.0
460,2022-01-04 00:00:00,474317,56803136.0,0.0,0.0,4179.0,1430852.0,0.0,0.0
461,2021-05-28 00:00:00,3677,276228.0,13813.0,159258.0,44.0,2532.0,1900.0,121564.0
462,2021-11-25 00:00:00,280298,42874829.0,0.0,0.0,4658.0,1213953.0,0.0,0.0
463,2021-03-27 00:00:00,0,108699.0,0.0,8496.0,0.0,1982.0,1784.0,97467.0
464,2021-07-13 00:00:00,110538,1414871.0,140676.0,1179453.0,0.0,5251.0,2576.0,370152.0
465,2021-10-10 00:00:00,108046,34099968.0,0.0,0.0,5625.0,1066050.0,0.0,386837.0
466,2021-02-18 00:00:00,774,99921.0,559.0,29741.0,0.0,1982.0,878.0,67836.0
467,2021-04-16 00:00:00,476,115149.0,405.0,7943.0,0.0,1982.0,1235.0,104272.0
468,2021-12-02 00:00:00,306516,44136987.0,0.0,0.0,6218.0,1251050.0,0.0,0.0
469,2021-09-12 00:00:00,480519,24814928.0,0.0,0.0,13541.0,804655.0,0.0,386837.0
470,2021-05-07 00:00:00,2151,129403.0,2171.0,17494.0,0.0,1982.0,0.0,107867.0
471,2021-08-01 00:00:00,335558,7234268.0,311275.0,5011839.0,0.0,69129.0,0.0,386837.0
472,2021-05-09 00:00:00,4557,137982.0,7635.0,27988.0,0.0,1982.0,0.0,109730.0
473,2021-08-07 00:00:00,301649,9128236.0,316429.0,5735268.0,0.0,158307.0,0.0,386837.0
474,2021-01-24 00:00:00,0,65464.0,0.0,0.0,0.0,1982.0,0.0,59921.0
475,2021-05-04 00:00:00,681,123223.0,551.0,11294.0,0.0,1982.0,0.0,107867.0
476,2022-04-25 00:00:00,319440,408831239.0,0.0,0.0,42.0,1680103.0,0.0,0.0
477,2022-01-23 00:00:00,577958,67644895.0,0.0,0.0,2765.0,1493870.0,0.0,0.0
478,2022-03-30 00:00:00,3368242,366362153.0,0.0,0.0,824.0,1667046.0,0.0,0.0
479,2021-07-23 00:00:00,1132855,3993940.0,88821.0,3116884.0,7059.0,19413.0,0.0,386837.0
480,2021-08-19 00:00:00,387189,13247835.0,129075.0,6924746.0,20302.0,383264.0,0.0,386837.0
481,2022-02-27 00:00:00,3634753,116823660.0,0.0,0.0,3294.0,1592103.0,0.0,0.0
482,2021-04-03 00:00:00,216,109628.0,415.0,6604.0,0.0,1982.0,0.0,100518.0
483,2021-05-26 00:00:00,14163,261570.0,6981.0,136481.0,45.0,2443.0,2456.0,119632.0
484,2021-07-24 00:00:00,398760,4392700.0,392374.0,3509209.0,0.0,19413.0,0.0,386837.0
